date,usgs_site,lat,lon,Discharge_mean,Water_Temp_mean,year,Discharge_cumsum,Water_Temp_cumsum
2022-01-01,14178000,44.70694444,-122.10000000,848.0,3.5,2022,848.0,3.5
2022-01-02,14178000,44.70694444,-122.10000000,817.0,3.3,2022,1665.0,6.8
2022-01-03,14178000,44.70694444,-122.10000000,995.0,3.7,2022,2660.0,10.5
2022-01-04,14178000,44.70694444,-122.10000000,929.0,3.2,2022,3589.0,13.7
2022-01-05,14178000,44.70694444,-122.10000000,1110.0,3.6,2022,4699.0,17.3
2022-01-06,14178000,44.70694444,-122.10000000,2020.0,3.9,2022,6719.0,21.2
2022-01-07,14178000,44.70694444,-122.10000000,2740.0,4.2,2022,9459.0,25.4
2022-01-08,14178000,44.70694444,-122.10000000,2260.0,4.5,2022,11719.0,29.9
2022-01-09,14178000,44.70694444,-122.10000000,1740.0,4.7,2022,13459.0,34.6
2022-01-10,14178000,44.70694444,-122.10000000,1460.0,4.8,2022,14919.0,39.4
2022-01-11,14178000,44.70694444,-122.10000000,1320.0,5.0,2022,16239.0,44.4
2022-01-12,14178000,44.70694444,-122.10000000,1290.0,5.2,2022,17529.0,49.6
2022-01-13,14178000,44.70694444,-122.10000000,1330.0,5.1,2022,18859.0,54.7
2022-01-14,14178000,44.70694444,-122.10000000,1420.0,5.3,2022,20279.0,60.0
2022-01-15,14178000,44.70694444,-122.10000000,1340.0,5.2,2022,21619.0,65.2
2022-01-16,14178000,44.70694444,-122.10000000,1260.0,5.1,2022,22879.0,70.3
2022-01-17,14178000,44.70694444,-122.10000000,1230.0,5.1,2022,24109.0,75.4
2022-01-18,14178000,44.70694444,-122.10000000,1200.0,5.1,2022,25309.0,80.5
2022-01-19,14178000,44.70694444,-122.10000000,1180.0,5.2,2022,26489.0,85.7
2022-01-20,14178000,44.70694444,-122.10000000,1500.0,5.4,2022,27989.0,91.1
2022-01-21,14178000,44.70694444,-122.10000000,1670.0,5.5,2022,29659.0,96.6
2022-01-22,14178000,44.70694444,-122.10000000,1480.0,5.4,2022,31139.0,102.0
2022-01-23,14178000,44.70694444,-122.10000000,1350.0,5.2,2022,32489.0,107.2
2022-01-24,14178000,44.70694444,-122.10000000,1270.0,5.0,2022,33759.0,112.2
2022-01-25,14178000,44.70694444,-122.10000000,1200.0,4.8,2022,34959.0,117.0
2022-01-26,14178000,44.70694444,-122.10000000,1140.0,4.6,2022,36099.0,121.6
2022-01-27,14178000,44.70694444,-122.10000000,1080.0,4.4,2022,37179.0,126.0
2022-01-28,14178000,44.70694444,-122.10000000,1030.0,4.4,2022,38209.0,130.4
2022-01-29,14178000,44.70694444,-122.10000000,988.0,4.4,2022,39197.0,134.8
2022-01-30,14178000,44.70694444,-122.10000000,968.0,4.4,2022,40165.0,139.2
2022-01-31,14178000,44.70694444,-122.10000000,1030.0,4.7,2022,41195.0,143.9
2022-02-01,14178000,44.70694444,-122.10000000,982.0,4.7,2022,42177.0,148.6
2022-02-02,14178000,44.70694444,-122.10000000,945.0,4.7,2022,43122.0,153.3
2022-02-03,14178000,44.70694444,-122.10000000,919.0,5.0,2022,44041.0,158.3
2022-02-04,14178000,44.70694444,-122.10000000,893.0,5.1,2022,44934.0,163.4
2022-02-05,14178000,44.70694444,-122.10000000,871.0,5.2,2022,45805.0,168.6
2022-02-06,14178000,44.70694444,-122.10000000,852.0,5.0,2022,46657.0,173.6
2022-02-07,14178000,44.70694444,-122.10000000,843.0,4.8,2022,47500.0,178.4
2022-02-08,14178000,44.70694444,-122.10000000,840.0,4.9,2022,48340.0,183.3
2022-02-09,14178000,44.70694444,-122.10000000,839.0,4.9,2022,49179.0,188.2
2022-02-10,14178000,44.70694444,-122.10000000,879.0,5.1,2022,50058.0,193.3
2022-02-11,14178000,44.70694444,-122.10000000,916.0,4.9,2022,50974.0,198.2
2022-02-12,14178000,44.70694444,-122.10000000,928.0,4.9,2022,51902.0,203.1
2022-02-13,14178000,44.70694444,-122.10000000,929.0,4.9,2022,52831.0,208.0
2022-02-14,14178000,44.70694444,-122.10000000,987.0,5.1,2022,53818.0,213.1
2022-02-15,14178000,44.70694444,-122.10000000,990.0,5.0,2022,54808.0,218.1
2022-02-16,14178000,44.70694444,-122.10000000,952.0,5.3,2022,55760.0,223.4
2022-02-17,14178000,44.70694444,-122.10000000,918.0,5.2,2022,56678.0,228.6
2022-02-18,14178000,44.70694444,-122.10000000,887.0,5.1,2022,57565.0,233.7
2022-02-19,14178000,44.70694444,-122.10000000,866.0,5.0,2022,58431.0,238.7
2022-02-20,14178000,44.70694444,-122.10000000,878.0,5.3,2022,59309.0,244.0
2022-02-21,14178000,44.70694444,-122.10000000,868.0,4.8,2022,60177.0,248.8
2022-02-22,14178000,44.70694444,-122.10000000,835.0,4.2,2022,61012.0,253.0
2022-02-23,14178000,44.70694444,-122.10000000,793.0,3.1,2022,61805.0,256.1
2022-02-24,14178000,44.70694444,-122.10000000,776.0,3.0,2022,62581.0,259.1
2022-02-25,14178000,44.70694444,-122.10000000,751.0,3.3,2022,63332.0,262.4
2022-02-26,14178000,44.70694444,-122.10000000,737.0,3.5,2022,64069.0,265.9
2022-02-27,14178000,44.70694444,-122.10000000,826.0,4.2,2022,64895.0,270.1
2022-02-28,14178000,44.70694444,-122.10000000,1740.0,4.6,2022,66635.0,274.7
2022-03-01,14178000,44.70694444,-122.10000000,2580.0,4.7,2022,69215.0,279.4
2022-03-02,14178000,44.70694444,-122.10000000,2970.0,4.9,2022,72185.0,284.3
2022-03-03,14178000,44.70694444,-122.10000000,2780.0,5.2,2022,74965.0,289.5
2022-03-04,14178000,44.70694444,-122.10000000,2180.0,5.3,2022,77145.0,294.8
2022-03-05,14178000,44.70694444,-122.10000000,1800.0,5.3,2022,78945.0,300.1
2022-03-06,14178000,44.70694444,-122.10000000,1420.0,5.4,2022,80365.0,305.5
2022-03-07,14178000,44.70694444,-122.10000000,1260.0,5.3,2022,81625.0,310.8
2022-03-08,14178000,44.70694444,-122.10000000,1160.0,5.3,2022,82785.0,316.1
2022-03-09,14178000,44.70694444,-122.10000000,1090.0,5.3,2022,83875.0,321.4
2022-03-10,14178000,44.70694444,-122.10000000,1010.0,4.9,2022,84885.0,326.3
2022-03-11,14178000,44.70694444,-122.10000000,953.0,4.8,2022,85838.0,331.1
2022-03-12,14178000,44.70694444,-122.10000000,923.0,5.0,2022,86761.0,336.1
2022-03-13,14178000,44.70694444,-122.10000000,,5.2,2022,,341.3
2022-03-14,14178000,44.70694444,-122.10000000,,5.1,2022,,346.4
2022-03-15,14178000,44.70694444,-122.10000000,,5.5,2022,,351.9
2022-03-16,14178000,44.70694444,-122.10000000,,5.6,2022,,357.5
2022-03-17,14178000,44.70694444,-122.10000000,,5.6,2022,,363.1
2022-03-18,14178000,44.70694444,-122.10000000,,5.7,2022,,368.8
2022-03-19,14178000,44.70694444,-122.10000000,,5.9,2022,,374.7
2022-03-20,14178000,44.70694444,-122.10000000,,5.7,2022,,380.4
2022-03-21,14178000,44.70694444,-122.10000000,,5.7,2022,,386.1
2022-03-22,14178000,44.70694444,-122.10000000,,5.7,2022,,391.8
2022-03-23,14178000,44.70694444,-122.10000000,,6.2,2022,,398.0
2022-03-24,14178000,44.70694444,-122.10000000,,6.4,2022,,404.4
2022-03-25,14178000,44.70694444,-122.10000000,,6.5,2022,,410.9
2022-03-26,14178000,44.70694444,-122.10000000,,6.5,2022,,417.4
2022-03-27,14178000,44.70694444,-122.10000000,,6.7,2022,,424.1
2022-03-28,14178000,44.70694444,-122.10000000,,6.7,2022,,430.8
2022-03-29,14178000,44.70694444,-122.10000000,,6.7,2022,,437.5
2022-03-30,14178000,44.70694444,-122.10000000,,6.8,2022,,444.3
2022-03-31,14178000,44.70694444,-122.10000000,,6.5,2022,,450.8
2022-04-01,14178000,44.70694444,-122.10000000,,6.2,2022,,457.0
2022-04-02,14178000,44.70694444,-122.10000000,,6.4,2022,,463.4
2022-04-03,14178000,44.70694444,-122.10000000,,6.4,2022,,469.8
2022-01-01,14180300,44.65305556,-122.12972222,63.6,2.0,2022,63.6,2.0
2022-01-02,14180300,44.65305556,-122.12972222,59.4,2.3,2022,123.0,4.3
2022-01-03,14180300,44.65305556,-122.12972222,87.1,2.0,2022,210.1,6.3
2022-01-04,14180300,44.65305556,-122.12972222,80.0,2.4,2022,290.1,8.7
2022-01-05,14180300,44.65305556,-122.12972222,148.0,3.2,2022,438.1,11.9
2022-01-06,14180300,44.65305556,-122.12972222,562.0,4.1,2022,1000.1,16.0
2022-01-07,14180300,44.65305556,-122.12972222,770.0,4.7,2022,1770.1,20.7
2022-01-08,14180300,44.65305556,-122.12972222,501.0,4.8,2022,2271.1,25.5
2022-01-09,14180300,44.65305556,-122.12972222,310.0,4.4,2022,2581.1,29.9
2022-01-10,14180300,44.65305556,-122.12972222,218.0,4.5,2022,2799.1,34.4
2022-01-11,14180300,44.65305556,-122.12972222,179.0,4.7,2022,2978.1,39.1
2022-01-12,14180300,44.65305556,-122.12972222,180.0,4.5,2022,3158.1,43.6
2022-01-13,14180300,44.65305556,-122.12972222,212.0,4.6,2022,3370.1,48.2
2022-01-14,14180300,44.65305556,-122.12972222,241.0,4.5,2022,3611.1,52.7
2022-01-15,14180300,44.65305556,-122.12972222,207.0,4.4,2022,3818.1,57.1
2022-01-16,14180300,44.65305556,-122.12972222,178.0,4.3,2022,3996.1,61.4
2022-01-17,14180300,44.65305556,-122.12972222,166.0,4.4,2022,4162.1,65.8
2022-01-18,14180300,44.65305556,-122.12972222,161.0,4.5,2022,4323.1,70.3
2022-01-19,14180300,44.65305556,-122.12972222,155.0,4.7,2022,4478.1,75.0
2022-01-20,14180300,44.65305556,-122.12972222,220.0,4.8,2022,4698.1,79.8
2022-01-21,14180300,44.65305556,-122.12972222,259.0,4.6,2022,4957.1,84.4
2022-01-22,14180300,44.65305556,-122.12972222,209.0,4.2,2022,5166.1,88.6
2022-01-23,14180300,44.65305556,-122.12972222,172.0,4.2,2022,5338.1,92.8
2022-01-24,14180300,44.65305556,-122.12972222,154.0,4.0,2022,5492.1,96.8
2022-01-25,14180300,44.65305556,-122.12972222,138.0,3.8,2022,5630.1,100.6
2022-01-26,14180300,44.65305556,-122.12972222,122.0,3.4,2022,5752.1,104.0
2022-01-27,14180300,44.65305556,-122.12972222,108.0,3.4,2022,5860.1,107.4
2022-01-28,14180300,44.65305556,-122.12972222,97.0,3.3,2022,5957.1,110.7
2022-01-29,14180300,44.65305556,-122.12972222,88.9,3.3,2022,6046.0,114.0
2022-01-30,14180300,44.65305556,-122.12972222,86.8,3.6,2022,6132.8,117.6
2022-01-31,14180300,44.65305556,-122.12972222,101.0,3.7,2022,6233.8,121.3
2022-02-01,14180300,44.65305556,-122.12972222,93.4,3.6,2022,6327.2,124.9
2022-02-02,14180300,44.65305556,-122.12972222,86.7,3.8,2022,6413.9,128.7
2022-02-03,14180300,44.65305556,-122.12972222,81.3,4.0,2022,6495.2,132.7
2022-02-04,14180300,44.65305556,-122.12972222,76.3,4.0,2022,6571.5,136.7
2022-02-05,14180300,44.65305556,-122.12972222,72.3,4.0,2022,6643.8,140.7
2022-02-06,14180300,44.65305556,-122.12972222,69.2,3.5,2022,6713.0,144.2
2022-02-07,14180300,44.65305556,-122.12972222,68.5,3.7,2022,6781.5,147.9
2022-02-08,14180300,44.65305556,-122.12972222,70.3,3.6,2022,6851.8,151.5
2022-02-09,14180300,44.65305556,-122.12972222,69.8,3.7,2022,6921.6,155.2
2022-02-10,14180300,44.65305556,-122.12972222,78.2,3.8,2022,6999.8,159.0
2022-02-11,14180300,44.65305556,-122.12972222,87.9,3.6,2022,7087.7,162.6
2022-02-12,14180300,44.65305556,-122.12972222,90.0,3.6,2022,7177.7,166.2
2022-02-13,14180300,44.65305556,-122.12972222,87.7,3.8,2022,7265.4,170.0
2022-02-14,14180300,44.65305556,-122.12972222,99.6,4.0,2022,7365.0,174.0
2022-02-15,14180300,44.65305556,-122.12972222,100.0,4.0,2022,7465.0,178.0
2022-02-16,14180300,44.65305556,-122.12972222,91.9,4.2,2022,7556.9,182.2
2022-02-17,14180300,44.65305556,-122.12972222,83.4,4.1,2022,7640.3,186.3
2022-02-18,14180300,44.65305556,-122.12972222,76.6,3.8,2022,7716.9,190.1
2022-02-19,14180300,44.65305556,-122.12972222,71.8,3.8,2022,7788.7,193.9
2022-02-20,14180300,44.65305556,-122.12972222,72.4,4.0,2022,7861.1,197.9
2022-02-21,14180300,44.65305556,-122.12972222,69.6,3.0,2022,7930.7,200.9
2022-02-22,14180300,44.65305556,-122.12972222,62.7,2.1,2022,7993.4,203.0
2022-02-23,14180300,44.65305556,-122.12972222,56.4,0.6,2022,8049.8,203.6
2022-02-24,14180300,44.65305556,-122.12972222,53.4,1.4,2022,8103.2,205.0
2022-02-25,14180300,44.65305556,-122.12972222,49.8,1.4,2022,8153.0,206.4
2022-02-26,14180300,44.65305556,-122.12972222,48.1,2.2,2022,8201.1,208.6
2022-02-27,14180300,44.65305556,-122.12972222,80.8,3.1,2022,8281.9,211.7
2022-02-28,14180300,44.65305556,-122.12972222,483.0,3.9,2022,8764.9,215.6
2022-03-01,14180300,44.65305556,-122.12972222,612.0,4.8,2022,9376.9,220.4
2022-03-02,14180300,44.65305556,-122.12972222,602.0,5.0,2022,9978.9,225.4
2022-03-03,14180300,44.65305556,-122.12972222,521.0,4.9,2022,10499.9,230.3
2022-03-04,14180300,44.65305556,-122.12972222,364.0,4.6,2022,10863.9,234.9
2022-03-05,14180300,44.65305556,-122.12972222,264.0,4.5,2022,11127.9,239.4
2022-03-06,14180300,44.65305556,-122.12972222,181.0,4.3,2022,11308.9,243.7
2022-03-07,14180300,44.65305556,-122.12972222,143.0,4.2,2022,11451.9,247.9
2022-03-08,14180300,44.65305556,-122.12972222,120.0,4.4,2022,11571.9,252.3
2022-03-09,14180300,44.65305556,-122.12972222,106.0,3.9,2022,11677.9,256.2
2022-03-10,14180300,44.65305556,-122.12972222,91.5,3.0,2022,11769.4,259.2
2022-03-11,14180300,44.65305556,-122.12972222,81.9,3.4,2022,11851.3,262.6
2022-03-12,14180300,44.65305556,-122.12972222,78.1,3.8,2022,11929.4,266.4
2022-03-13,14180300,44.65305556,-122.12972222,,,2022,,
2022-03-14,14180300,44.65305556,-122.12972222,,,2022,,
2022-03-15,14180300,44.65305556,-122.12972222,,,2022,,
2022-03-16,14180300,44.65305556,-122.12972222,,,2022,,
2022-03-17,14180300,44.65305556,-122.12972222,,,2022,,
2022-03-18,14180300,44.65305556,-122.12972222,,,2022,,
2022-03-19,14180300,44.65305556,-122.12972222,,,2022,,
2022-03-20,14180300,44.65305556,-122.12972222,,,2022,,
2022-03-21,14180300,44.65305556,-122.12972222,,,2022,,
2022-03-22,14180300,44.65305556,-122.12972222,,,2022,,
2022-03-23,14180300,44.65305556,-122.12972222,,,2022,,
2022-03-24,14180300,44.65305556,-122.12972222,,,2022,,
2022-03-25,14180300,44.65305556,-122.12972222,,,2022,,
2022-03-26,14180300,44.65305556,-122.12972222,,,2022,,
2022-03-27,14180300,44.65305556,-122.12972222,,,2022,,
2022-03-28,14180300,44.65305556,-122.12972222,,,2022,,
2022-03-29,14180300,44.65305556,-122.12972222,,,2022,,
2022-03-30,14180300,44.65305556,-122.12972222,,,2022,,
2022-03-31,14180300,44.65305556,-122.12972222,,,2022,,
2022-04-01,14180300,44.65305556,-122.12972222,,,2022,,
2022-04-02,14180300,44.65305556,-122.12972222,,,2022,,
2022-04-03,14180300,44.65305556,-122.12972222,,,2022,,
2022-01-01,14179000,44.75277778,-122.12777778,435.0,2.2,2022,435.0,2.2
2022-01-02,14179000,44.75277778,-122.12777778,417.0,2.6,2022,852.0,4.800000000000001
2022-01-03,14179000,44.75277778,-122.12777778,566.0,2.9,2022,1418.0,7.7
2022-01-04,14179000,44.75277778,-122.12777778,514.0,3.2,2022,1932.0,10.9
2022-01-05,14179000,44.75277778,-122.12777778,670.0,3.6,2022,2602.0,14.5
2022-01-06,14179000,44.75277778,-122.12777778,2370.0,4.3,2022,4972.0,18.8
2022-01-07,14179000,44.75277778,-122.12777778,2830.0,5.1,2022,7802.0,23.9
2022-01-08,14179000,44.75277778,-122.12777778,1930.0,5.0,2022,9732.0,28.9
2022-01-09,14179000,44.75277778,-122.12777778,1290.0,4.5,2022,11022.0,33.4
2022-01-10,14179000,44.75277778,-122.12777778,1000.0,4.7,2022,12022.0,38.1
2022-01-11,14179000,44.75277778,-122.12777778,899.0,5.1,2022,12921.0,43.2
2022-01-12,14179000,44.75277778,-122.12777778,976.0,5.0,2022,13897.0,48.2
2022-01-13,14179000,44.75277778,-122.12777778,1070.0,5.0,2022,14967.0,53.2
2022-01-14,14179000,44.75277778,-122.12777778,1120.0,5.1,2022,16087.0,58.3
2022-01-15,14179000,44.75277778,-122.12777778,1030.0,4.9,2022,17117.0,63.2
2022-01-16,14179000,44.75277778,-122.12777778,926.0,4.7,2022,18043.0,67.9
2022-01-17,14179000,44.75277778,-122.12777778,911.0,4.9,2022,18954.0,72.8
2022-01-18,14179000,44.75277778,-122.12777778,894.0,5.0,2022,19848.0,77.8
2022-01-19,14179000,44.75277778,-122.12777778,863.0,5.2,2022,20711.0,83.0
2022-01-20,14179000,44.75277778,-122.12777778,1470.0,5.4,2022,22181.0,88.4
2022-01-21,14179000,44.75277778,-122.12777778,1600.0,5.1,2022,23781.0,93.5
2022-01-22,14179000,44.75277778,-122.12777778,1200.0,4.5,2022,24981.0,98.0
2022-01-23,14179000,44.75277778,-122.12777778,1010.0,4.5,2022,25991.0,102.5
2022-01-24,14179000,44.75277778,-122.12777778,926.0,4.3,2022,26917.0,106.8
2022-01-25,14179000,44.75277778,-122.12777778,831.0,4.2,2022,27748.0,111.0
2022-01-26,14179000,44.75277778,-122.12777778,747.0,3.8,2022,28495.0,114.8
2022-01-27,14179000,44.75277778,-122.12777778,677.0,3.8,2022,29172.0,118.6
2022-01-28,14179000,44.75277778,-122.12777778,625.0,3.5,2022,29797.0,122.1
2022-01-29,14179000,44.75277778,-122.12777778,585.0,3.6,2022,30382.0,125.7
2022-01-30,14179000,44.75277778,-122.12777778,578.0,4.0,2022,30960.0,129.7
2022-01-31,14179000,44.75277778,-122.12777778,644.0,4.2,2022,31604.0,133.9
2022-02-01,14179000,44.75277778,-122.12777778,577.0,4.2,2022,32181.0,138.1
2022-02-02,14179000,44.75277778,-122.12777778,536.0,4.4,2022,32717.0,142.5
2022-02-03,14179000,44.75277778,-122.12777778,516.0,4.7,2022,33233.0,147.2
2022-02-04,14179000,44.75277778,-122.12777778,499.0,4.8,2022,33732.0,152.0
2022-02-05,14179000,44.75277778,-122.12777778,488.0,4.9,2022,34220.0,156.9
2022-02-06,14179000,44.75277778,-122.12777778,486.0,4.1,2022,34706.0,161.0
2022-02-07,14179000,44.75277778,-122.12777778,496.0,4.3,2022,35202.0,165.3
2022-02-08,14179000,44.75277778,-122.12777778,504.0,4.5,2022,35706.0,169.8
2022-02-09,14179000,44.75277778,-122.12777778,507.0,4.6,2022,36213.0,174.4
2022-02-10,14179000,44.75277778,-122.12777778,598.0,4.6,2022,36811.0,179.0
2022-02-11,14179000,44.75277778,-122.12777778,639.0,4.4,2022,37450.0,183.4
2022-02-12,14179000,44.75277778,-122.12777778,626.0,4.4,2022,38076.0,187.8
2022-02-13,14179000,44.75277778,-122.12777778,601.0,4.4,2022,38677.0,192.2
2022-02-14,14179000,44.75277778,-122.12777778,653.0,4.8,2022,39330.0,197.0
2022-02-15,14179000,44.75277778,-122.12777778,630.0,4.9,2022,39960.0,201.9
2022-02-16,14179000,44.75277778,-122.12777778,581.0,5.1,2022,40541.0,207.0
2022-02-17,14179000,44.75277778,-122.12777778,543.0,4.9,2022,41084.0,211.9
2022-02-18,14179000,44.75277778,-122.12777778,512.0,4.6,2022,41596.0,216.5
2022-02-19,14179000,44.75277778,-122.12777778,497.0,4.5,2022,42093.0,221.0
2022-02-20,14179000,44.75277778,-122.12777778,518.0,4.8,2022,42611.0,225.8
2022-02-21,14179000,44.75277778,-122.12777778,502.0,3.7,2022,43113.0,229.5
2022-02-22,14179000,44.75277778,-122.12777778,455.0,2.5,2022,43568.0,232.0
2022-02-23,14179000,44.75277778,-122.12777778,412.0,1.3,2022,43980.0,233.3
2022-02-24,14179000,44.75277778,-122.12777778,395.0,2.3,2022,44375.0,235.6
2022-02-25,14179000,44.75277778,-122.12777778,379.0,2.3,2022,44754.0,237.9
2022-02-26,14179000,44.75277778,-122.12777778,374.0,3.0,2022,45128.0,240.9
2022-02-27,14179000,44.75277778,-122.12777778,488.0,4.2,2022,45616.0,245.1
2022-02-28,14179000,44.75277778,-122.12777778,1700.0,4.6,2022,47316.0,249.7
2022-03-01,14179000,44.75277778,-122.12777778,2430.0,5.1,2022,49746.0,254.8
2022-03-02,14179000,44.75277778,-122.12777778,2610.0,5.2,2022,52356.0,260.0
2022-03-03,14179000,44.75277778,-122.12777778,2090.0,5.2,2022,54446.0,265.2
2022-03-04,14179000,44.75277778,-122.12777778,1490.0,4.9,2022,55936.0,270.1
2022-03-05,14179000,44.75277778,-122.12777778,1120.0,5.0,2022,57056.0,275.1
2022-03-06,14179000,44.75277778,-122.12777778,900.0,4.9,2022,57956.0,280.0
2022-03-07,14179000,44.75277778,-122.12777778,766.0,4.7,2022,58722.0,284.7
2022-03-08,14179000,44.75277778,-122.12777778,690.0,4.8,2022,59412.0,289.5
2022-03-09,14179000,44.75277778,-122.12777778,633.0,4.5,2022,60045.0,294.0
2022-03-10,14179000,44.75277778,-122.12777778,567.0,3.6,2022,60612.0,297.6
2022-03-11,14179000,44.75277778,-122.12777778,526.0,4.2,2022,61138.0,301.8
2022-03-12,14179000,44.75277778,-122.12777778,508.0,4.6,2022,61646.0,306.4
2022-03-13,14179000,44.75277778,-122.12777778,,4.7,2022,,311.1
2022-03-14,14179000,44.75277778,-122.12777778,,5.1,2022,,316.2
2022-03-15,14179000,44.75277778,-122.12777778,,5.5,2022,,321.7
2022-03-16,14179000,44.75277778,-122.12777778,,5.4,2022,,327.1
2022-03-17,14179000,44.75277778,-122.12777778,,5.0,2022,,332.1
2022-03-18,14179000,44.75277778,-122.12777778,,5.9,2022,,338.0
2022-03-19,14179000,44.75277778,-122.12777778,,5.7,2022,,343.7
2022-03-20,14179000,44.75277778,-122.12777778,,4.9,2022,,348.6
2022-03-21,14179000,44.75277778,-122.12777778,,4.9,2022,,353.5
2022-03-22,14179000,44.75277778,-122.12777778,,6.2,2022,,359.7
2022-03-23,14179000,44.75277778,-122.12777778,,6.3,2022,,366.0
2022-03-24,14179000,44.75277778,-122.12777778,,6.4,2022,,372.4
2022-03-25,14179000,44.75277778,-122.12777778,,6.1,2022,,378.5
2022-03-26,14179000,44.75277778,-122.12777778,,6.4,2022,,384.9
2022-03-27,14179000,44.75277778,-122.12777778,,6.4,2022,,391.3
2022-03-28,14179000,44.75277778,-122.12777778,,6.4,2022,,397.7
2022-03-29,14179000,44.75277778,-122.12777778,,6.6,2022,,404.3
2022-03-30,14179000,44.75277778,-122.12777778,,6.4,2022,,410.7
2022-03-31,14179000,44.75277778,-122.12777778,,5.7,2022,,416.4
2022-04-01,14179000,44.75277778,-122.12777778,,5.2,2022,,421.6
2022-04-02,14179000,44.75277778,-122.12777778,,6.2,2022,,427.8
2022-04-03,14179000,44.75277778,-122.12777778,,5.6,2022,,433.4
2022-01-01,14181500,44.75377778,-122.29750000,4270.0,5.8,2022,4270.0,5.8
2022-01-02,14181500,44.75377778,-122.29750000,4270.0,5.9,2022,8540.0,11.7
2022-01-03,14181500,44.75377778,-122.29750000,4290.0,5.9,2022,12830.0,17.6
2022-01-04,14181500,44.75377778,-122.29750000,4270.0,5.8,2022,17100.0,23.4
2022-01-05,14181500,44.75377778,-122.29750000,4340.0,5.6,2022,21440.0,29.0
2022-01-06,14181500,44.75377778,-122.29750000,2400.0,5.7,2022,23840.0,34.7
2022-01-07,14181500,44.75377778,-122.29750000,1450.0,5.9,2022,25290.0,40.6
2022-01-08,14181500,44.75377778,-122.29750000,2460.0,5.8,2022,27750.0,46.4
2022-01-09,14181500,44.75377778,-122.29750000,3550.0,5.3,2022,31300.0,51.7
2022-01-10,14181500,44.75377778,-122.29750000,3780.0,5.4,2022,35080.0,57.1
2022-01-11,14181500,44.75377778,-122.29750000,4700.0,5.5,2022,39780.0,62.6
2022-01-12,14181500,44.75377778,-122.29750000,5170.0,5.5,2022,44950.0,68.1
2022-01-13,14181500,44.75377778,-122.29750000,5190.0,5.5,2022,50140.0,73.6
2022-01-14,14181500,44.75377778,-122.29750000,5070.0,5.5,2022,55210.0,79.1
2022-01-15,14181500,44.75377778,-122.29750000,5010.0,5.5,2022,60220.0,84.6
2022-01-16,14181500,44.75377778,-122.29750000,4980.0,5.4,2022,65200.0,90.0
2022-01-17,14181500,44.75377778,-122.29750000,4970.0,5.5,2022,70170.0,95.5
2022-01-18,14181500,44.75377778,-122.29750000,4990.0,5.5,2022,75160.0,101.0
2022-01-19,14181500,44.75377778,-122.29750000,5060.0,5.5,2022,80220.0,106.5
2022-01-20,14181500,44.75377778,-122.29750000,4690.0,5.6,2022,84910.0,112.1
2022-01-21,14181500,44.75377778,-122.29750000,4080.0,5.5,2022,88990.0,117.6
2022-01-22,14181500,44.75377778,-122.29750000,3950.0,5.4,2022,92940.0,123.0
2022-01-23,14181500,44.75377778,-122.29750000,4040.0,5.4,2022,96980.0,128.4
2022-01-24,14181500,44.75377778,-122.29750000,4060.0,5.4,2022,101040.0,133.8
2022-01-25,14181500,44.75377778,-122.29750000,4140.0,5.4,2022,105180.0,139.2
2022-01-26,14181500,44.75377778,-122.29750000,3990.0,5.3,2022,109170.0,144.5
2022-01-27,14181500,44.75377778,-122.29750000,4020.0,5.3,2022,113190.0,149.8
2022-01-28,14181500,44.75377778,-122.29750000,3530.0,5.2,2022,116720.0,155.0
2022-01-29,14181500,44.75377778,-122.29750000,2860.0,5.2,2022,119580.0,160.2
2022-01-30,14181500,44.75377778,-122.29750000,2110.0,5.2,2022,121690.0,165.4
2022-01-31,14181500,44.75377778,-122.29750000,1670.0,5.3,2022,123360.0,170.7
2022-02-01,14181500,44.75377778,-122.29750000,1330.0,5.2,2022,124690.0,175.9
2022-02-02,14181500,44.75377778,-122.29750000,1080.0,5.1,2022,125770.0,181.0
2022-02-03,14181500,44.75377778,-122.29750000,1100.0,5.1,2022,126870.0,186.1
2022-02-04,14181500,44.75377778,-122.29750000,1100.0,5.1,2022,127970.0,191.2
2022-02-05,14181500,44.75377778,-122.29750000,1110.0,5.3,2022,129080.0,196.5
2022-02-06,14181500,44.75377778,-122.29750000,1100.0,5.2,2022,130180.0,201.7
2022-02-07,14181500,44.75377778,-122.29750000,1110.0,5.2,2022,131290.0,206.9
2022-02-08,14181500,44.75377778,-122.29750000,1110.0,5.3,2022,132400.0,212.2
2022-02-09,14181500,44.75377778,-122.29750000,1110.0,5.3,2022,133510.0,217.5
2022-02-10,14181500,44.75377778,-122.29750000,1080.0,5.4,2022,134590.0,222.9
2022-02-11,14181500,44.75377778,-122.29750000,1070.0,5.3,2022,135660.0,228.2
2022-02-12,14181500,44.75377778,-122.29750000,1070.0,5.3,2022,136730.0,233.5
2022-02-13,14181500,44.75377778,-122.29750000,1050.0,5.3,2022,137780.0,238.8
2022-02-14,14181500,44.75377778,-122.29750000,1060.0,5.4,2022,138840.0,244.2
2022-02-15,14181500,44.75377778,-122.29750000,1060.0,5.4,2022,139900.0,249.6
2022-02-16,14181500,44.75377778,-122.29750000,1070.0,5.4,2022,140970.0,255.0
2022-02-17,14181500,44.75377778,-122.29750000,1070.0,5.4,2022,142040.0,260.4
2022-02-18,14181500,44.75377778,-122.29750000,1070.0,5.3,2022,143110.0,265.7
2022-02-19,14181500,44.75377778,-122.29750000,1060.0,5.3,2022,144170.0,271.0
2022-02-20,14181500,44.75377778,-122.29750000,1070.0,5.4,2022,145240.0,276.4
2022-02-21,14181500,44.75377778,-122.29750000,1070.0,5.4,2022,146310.0,281.8
2022-02-22,14181500,44.75377778,-122.29750000,1160.0,5.0,2022,147470.0,286.8
2022-02-23,14181500,44.75377778,-122.29750000,1450.0,4.7,2022,148920.0,291.5
2022-02-24,14181500,44.75377778,-122.29750000,1570.0,4.7,2022,150490.0,296.2
2022-02-25,14181500,44.75377778,-122.29750000,1270.0,4.8,2022,151760.0,301.0
2022-02-26,14181500,44.75377778,-122.29750000,1160.0,4.8,2022,152920.0,305.8
2022-02-27,14181500,44.75377778,-122.29750000,1170.0,4.9,2022,154090.0,310.7
2022-02-28,14181500,44.75377778,-122.29750000,1190.0,5.2,2022,155280.0,315.9
2022-03-01,14181500,44.75377778,-122.29750000,1170.0,5.7,2022,156450.0,321.6
2022-03-02,14181500,44.75377778,-122.29750000,1180.0,5.9,2022,157630.0,327.5
2022-03-03,14181500,44.75377778,-122.29750000,1160.0,6.0,2022,158790.0,333.5
2022-03-04,14181500,44.75377778,-122.29750000,1150.0,5.8,2022,159940.0,339.3
2022-03-05,14181500,44.75377778,-122.29750000,1160.0,5.6,2022,161100.0,344.9
2022-03-06,14181500,44.75377778,-122.29750000,1070.0,5.4,2022,162170.0,350.3
2022-03-07,14181500,44.75377778,-122.29750000,1060.0,5.3,2022,163230.0,355.6
2022-03-08,14181500,44.75377778,-122.29750000,1060.0,5.3,2022,164290.0,360.9
2022-03-09,14181500,44.75377778,-122.29750000,1070.0,5.3,2022,165360.0,366.2
2022-03-10,14181500,44.75377778,-122.29750000,1070.0,5.3,2022,166430.0,371.5
2022-03-11,14181500,44.75377778,-122.29750000,1070.0,5.3,2022,167500.0,376.8
2022-03-12,14181500,44.75377778,-122.29750000,1070.0,5.5,2022,168570.0,382.3
2022-03-13,14181500,44.75377778,-122.29750000,,5.7,2022,,388.0
2022-03-14,14181500,44.75377778,-122.29750000,,5.6,2022,,393.6
2022-03-15,14181500,44.75377778,-122.29750000,,5.5,2022,,399.1
2022-03-16,14181500,44.75377778,-122.29750000,,5.7,2022,,404.8
2022-03-17,14181500,44.75377778,-122.29750000,,5.6,2022,,410.4
2022-03-18,14181500,44.75377778,-122.29750000,,5.6,2022,,416.0
2022-03-19,14181500,44.75377778,-122.29750000,,5.8,2022,,421.8
2022-03-20,14181500,44.75377778,-122.29750000,,5.5,2022,,427.3
2022-03-21,14181500,44.75377778,-122.29750000,,5.3,2022,,432.6
2022-03-22,14181500,44.75377778,-122.29750000,,5.7,2022,,438.3
2022-03-23,14181500,44.75377778,-122.29750000,,6.3,2022,,444.6
2022-03-24,14181500,44.75377778,-122.29750000,,6.1,2022,,450.7
2022-03-25,14181500,44.75377778,-122.29750000,,6.1,2022,,456.8
2022-03-26,14181500,44.75377778,-122.29750000,,6.1,2022,,462.9
2022-03-27,14181500,44.75377778,-122.29750000,,6.2,2022,,469.1
2022-03-28,14181500,44.75377778,-122.29750000,,6.3,2022,,475.4
2022-03-29,14181500,44.75377778,-122.29750000,,6.1,2022,,481.5
2022-03-30,14181500,44.75377778,-122.29750000,,6.0,2022,,487.5
2022-03-31,14181500,44.75377778,-122.29750000,,5.8,2022,,493.3
2022-04-01,14181500,44.75377778,-122.29750000,,5.9,2022,,499.2
2022-04-02,14181500,44.75377778,-122.29750000,,6.2,2022,,505.4
2022-04-03,14181500,44.75377778,-122.29750000,,6.0,2022,,511.4
